<?xml version="1.0" encoding="ISO-8859-1"?>
<manifest>
  <!-- core extension information -->
  <plugin>
    <name value= "plugin.name"/>
    <handle value= "Ensemble-Building-Block"/>
    <default-locale value="en_US" />
    <description value= "plugin.description"/>
    <version value= "3.6.140610"/>
    <requires>
    	<bbversion value="9.1"/>
    </requires>
    <vendor>
      <id value="ist"/>
      <name value="Syracuse University iSchool"/>
      <url value="http://ischool.syr.edu" />
      <description value="plugin.vendor.description" />
    </vendor>
	  <http-actions>
  		<config value="system/index.jsp" />
	  </http-actions>

    <content-handlers>
      <!-- Ensemble Content Type Handler. -->
      <content-handler> 
        <name value="Ensemble Video"/>
        <handle value= "resource/x-bb-ensemble-vid-mashup"/>
        <http-actions>
	        <create value="handler/search-vid.jsp"/>
        </http-actions>
        <icons>
	        <toolbar value="/images/handler_icon.gif"/>
	        <listitem value="/images/handler_icon.gif"/>
        </icons>
        <types>
            <type>
                <action-type value="mashup"/>
            </type>
            <type>
                <action-type value="image"/>
            </type>            
        </types>             
      </content-handler>
    </content-handlers>
    
    <!-- Tools defined by this extension -->
    <application-defs>
      <application handle="Ensemble-Building-Block" type="shared" use-ssl="false" name="Ensemble Video (In Text Editor)" can-allow-guest="true"  small-icon="" large-icon="/images/handler_icon.gif" is-course-tool="true" is-group-tool="true" is-sys-tool="true" is-org-tool="true">
        <description small-icon="/images/handler_icon.gif">Application installed as part of the Ensemble Building Block</description>
        <links>
           <link> <!-- System Tool -->
            <type value="system_tool"/>
            <name value="Ensemble Settings"/>
            <url value="system/index.jsp" />
            <description value="Administer the Ensemble Video Building Block" />
            <icons>
              <listitem value="images/ensemble.icon.gif"/>
            </icons>
          </link>   
		  <link> <!--course Mashup Entry Point For Ensemble Video-->
			   <type value="vtbe_mashup_course" />
			   <name value="Ensemble Video" />
			   <url value="handler/search-vid.jsp?vtbe=true&amp;course_id=@X@course.pk_string@X@" />
			   <description value="Embed Ensemble Video" />
		 	   <icons>
		 		 <listitem value="/images/handler_icon.gif"></listitem>
		 		 <toolbar value="/images/handler_icon.gif"></toolbar>
		 	   </icons>
		 </link>       
		</links>
      </application>
    </application-defs>
    
    
    <!-- code permissions required for proper operation -->
    <permissions>
      <permission type="persist" name="Content" actions="create,modify,delete"/>
      <permission type="attribute" name="user.authinfo" actions="get,set"/>
      <permission type="attribute" name="user.personalinfo" actions="get,set"/>
  	  <permission name="suppressAccessChecks" type="java.lang.reflect.ReflectPermission"  />    
	  <permission type="socket" name="*" actions="connect,resolve"/>  	
	</permissions>
  </plugin>

</manifest>
